{
    "overall": {
        "mae": 5.088902473449707,
        "rmse": 11.695917129516602,
        "smape_%": 132.0579171180725,
        "pearson": 0.36933374617140774,
        "spearman": 0.3845349696138472,
        "c_category_accuracy": 0.7018867924528301
    },
    "Efficiency|Electricity|Biomass|w/ CCS": {
        "mae": 20.204879760742188,
        "rmse": 22.92989730834961,
        "smape_%": 120.98925113677979,
        "pearson": 0.3261279641484212,
        "spearman": 0.3320603263266087,
        "c_category_accuracy": null
    },
    "Efficiency|Electricity|Biomass|w/o CCS": {
        "mae": 23.73182487487793,
        "rmse": 26.4683895111084,
        "smape_%": 110.94110012054443,
        "pearson": -0.001718380005747363,
        "spearman": 0.09746833565490443,
        "c_category_accuracy": null
    },
    "Efficiency|Electricity|Coal|w/ CCS": {
        "mae": 22.03908920288086,
        "rmse": 24.861413955688477,
        "smape_%": 117.49120950698853,
        "pearson": 0.28302182218126515,
        "spearman": 0.22753765207334034,
        "c_category_accuracy": null
    },
    "Efficiency|Electricity|Coal|w/o CCS": {
        "mae": 25.533411026000977,
        "rmse": 28.43962860107422,
        "smape_%": 102.13139057159424,
        "pearson": 0.284017157261673,
        "spearman": 0.49294033925219455,
        "c_category_accuracy": null
    },
    "Efficiency|Electricity|Gas|w/ CCS": {
        "mae": 31.25470542907715,
        "rmse": 35.333900451660156,
        "smape_%": 116.64904356002808,
        "pearson": 0.34233080132580673,
        "spearman": 0.43562799815456976,
        "c_category_accuracy": null
    },
    "Efficiency|Electricity|Gas|w/o CCS": {
        "mae": 33.1569938659668,
        "rmse": 37.348567962646484,
        "smape_%": 112.09344863891602,
        "pearson": 0.15225354584257583,
        "spearman": 0.14963585271774796,
        "c_category_accuracy": null
    },
    "Secondary Energy|Electricity": {
        "mae": 10.718765258789062,
        "rmse": 15.761468887329102,
        "smape_%": 50.28790831565857,
        "pearson": 0.6260366214448164,
        "spearman": 0.7063504630504213,
        "c_category_accuracy": null
    },
    "Secondary Energy|Electricity|Biomass": {
        "mae": 0.8638239502906799,
        "rmse": 1.4443730115890503,
        "smape_%": 134.79456901550293,
        "pearson": 0.35980583941238137,
        "spearman": 0.30194175448508503,
        "c_category_accuracy": null
    },
    "Secondary Energy|Electricity|Biomass|w/ CCS": {
        "mae": 0.7480694055557251,
        "rmse": 1.3599915504455566,
        "smape_%": 166.4277195930481,
        "pearson": 0.33462553331128425,
        "spearman": 0.3211884975633012,
        "c_category_accuracy": null
    },
    "Secondary Energy|Electricity|Biomass|w/o CCS": {
        "mae": 0.3026706576347351,
        "rmse": 0.45727553963661194,
        "smape_%": 148.7112283706665,
        "pearson": 0.3810858093498459,
        "spearman": 0.34418639945224433,
        "c_category_accuracy": null
    },
    "Secondary Energy|Electricity|Coal": {
        "mae": 1.6713624000549316,
        "rmse": 2.5866494178771973,
        "smape_%": 150.89973211288452,
        "pearson": 0.5205292884718601,
        "spearman": 0.38438361951613637,
        "c_category_accuracy": null
    },
    "Secondary Energy|Electricity|Coal|w/ CCS": {
        "mae": 0.6546551585197449,
        "rmse": 1.130486249923706,
        "smape_%": 184.09559726715088,
        "pearson": 0.23929094716124208,
        "spearman": 0.15769970652207566,
        "c_category_accuracy": null
    },
    "Secondary Energy|Electricity|Coal|w/o CCS": {
        "mae": 1.4423726797103882,
        "rmse": 2.371023178100586,
        "smape_%": 157.31021165847778,
        "pearson": 0.5688897346505567,
        "spearman": 0.41584400977662433,
        "c_category_accuracy": null
    },
    "Secondary Energy|Electricity|Gas": {
        "mae": 2.25896954536438,
        "rmse": 3.7658498287200928,
        "smape_%": 107.63012170791626,
        "pearson": 0.1898390092736365,
        "spearman": 0.2773236063139081,
        "c_category_accuracy": null
    },
    "Secondary Energy|Electricity|Gas|w/ CCS": {
        "mae": 1.204433798789978,
        "rmse": 2.5387792587280273,
        "smape_%": 171.35767936706543,
        "pearson": 0.24015261517358347,
        "spearman": 0.25560116224876284,
        "c_category_accuracy": null
    },
    "Secondary Energy|Electricity|Gas|w/o CCS": {
        "mae": 1.6248931884765625,
        "rmse": 2.746154308319092,
        "smape_%": 124.73282814025879,
        "pearson": 0.29174003689057576,
        "spearman": 0.4393217069009575,
        "c_category_accuracy": null
    },
    "Secondary Energy|Electricity|Geothermal": {
        "mae": 0.21251782774925232,
        "rmse": 0.3177122175693512,
        "smape_%": 141.62046909332275,
        "pearson": 0.4148021852547132,
        "spearman": 0.4736276843090101,
        "c_category_accuracy": null
    },
    "Secondary Energy|Electricity|Hydro": {
        "mae": 1.2650554180145264,
        "rmse": 1.923201084136963,
        "smape_%": 68.27829480171204,
        "pearson": 0.6592091038536048,
        "spearman": 0.69221435958567,
        "c_category_accuracy": null
    },
    "Secondary Energy|Electricity|Nuclear": {
        "mae": 2.085380792617798,
        "rmse": 3.5575368404388428,
        "smape_%": 123.25552701950073,
        "pearson": 0.32626805914245044,
        "spearman": 0.3674359420194695,
        "c_category_accuracy": null
    },
    "Secondary Energy|Electricity|Oil": {
        "mae": 0.2839350998401642,
        "rmse": 0.3718721866607666,
        "smape_%": 161.28190755844116,
        "pearson": 0.4774219414066263,
        "spearman": 0.3978761053624326,
        "c_category_accuracy": null
    },
    "Secondary Energy|Electricity|Oil|w/ CCS": {
        "mae": 0.1566866934299469,
        "rmse": 0.23622649908065796,
        "smape_%": 196.5577244758606,
        "pearson": 0.06094005666249607,
        "spearman": 0.04779834164410377,
        "c_category_accuracy": null
    },
    "Secondary Energy|Electricity|Oil|w/o CCS": {
        "mae": 0.2089773267507553,
        "rmse": 0.2790445387363434,
        "smape_%": 162.67147064208984,
        "pearson": 0.5722879020564576,
        "spearman": 0.4165004378162415,
        "c_category_accuracy": null
    },
    "Secondary Energy|Electricity|Solar": {
        "mae": 4.103583812713623,
        "rmse": 7.408949375152588,
        "smape_%": 91.22459292411804,
        "pearson": 0.6120506580073638,
        "spearman": 0.7367936123821264,
        "c_category_accuracy": null
    },
    "Secondary Energy|Electricity|Wind": {
        "mae": 4.873859882354736,
        "rmse": 7.96176815032959,
        "smape_%": 86.31861805915833,
        "pearson": 0.6030016558362982,
        "spearman": 0.7574813576043967,
        "c_category_accuracy": null
    }
}