{
    "overall": {
        "mae": 4.957487106323242,
        "rmse": 11.324660301208496,
        "smape_%": 131.43787384033203,
        "pearson": 0.38986645069466935,
        "spearman": 0.411154803969747,
        "c_category_accuracy": 0.6339622641509434
    },
    "Efficiency|Electricity|Biomass|w/ CCS": {
        "mae": 19.268638610839844,
        "rmse": 21.965349197387695,
        "smape_%": 114.90027904510498,
        "pearson": 0.41627767053046455,
        "spearman": 0.3975283849500059,
        "c_category_accuracy": null
    },
    "Efficiency|Electricity|Biomass|w/o CCS": {
        "mae": 22.938383102416992,
        "rmse": 25.668439865112305,
        "smape_%": 105.37506341934204,
        "pearson": 0.03155091917701273,
        "spearman": 0.11255536605044145,
        "c_category_accuracy": null
    },
    "Efficiency|Electricity|Coal|w/ CCS": {
        "mae": 20.990215301513672,
        "rmse": 23.737905502319336,
        "smape_%": 111.48464679718018,
        "pearson": 0.388027355355319,
        "spearman": 0.3602006631107792,
        "c_category_accuracy": null
    },
    "Efficiency|Electricity|Coal|w/o CCS": {
        "mae": 24.586084365844727,
        "rmse": 27.38290023803711,
        "smape_%": 97.32789397239685,
        "pearson": 0.3509640781517364,
        "spearman": 0.5677030329474675,
        "c_category_accuracy": null
    },
    "Efficiency|Electricity|Gas|w/ CCS": {
        "mae": 29.804201126098633,
        "rmse": 33.73011779785156,
        "smape_%": 111.23254299163818,
        "pearson": 0.44380392890583215,
        "spearman": 0.5349574478405744,
        "c_category_accuracy": null
    },
    "Efficiency|Electricity|Gas|w/o CCS": {
        "mae": 32.11610412597656,
        "rmse": 36.079463958740234,
        "smape_%": 107.34282732009888,
        "pearson": 0.258156232685428,
        "spearman": 0.28435743311479,
        "c_category_accuracy": null
    },
    "Secondary Energy|Electricity": {
        "mae": 10.76665210723877,
        "rmse": 15.938827514648438,
        "smape_%": 50.00647306442261,
        "pearson": 0.6147268831827544,
        "spearman": 0.7035568753910285,
        "c_category_accuracy": null
    },
    "Secondary Energy|Electricity|Biomass": {
        "mae": 0.852958619594574,
        "rmse": 1.4582228660583496,
        "smape_%": 132.34350681304932,
        "pearson": 0.3413300983599399,
        "spearman": 0.3342156598366531,
        "c_category_accuracy": null
    },
    "Secondary Energy|Electricity|Biomass|w/ CCS": {
        "mae": 0.7473583221435547,
        "rmse": 1.3774045705795288,
        "smape_%": 165.72134494781494,
        "pearson": 0.30720673753463124,
        "spearman": 0.32102944416584106,
        "c_category_accuracy": null
    },
    "Secondary Energy|Electricity|Biomass|w/o CCS": {
        "mae": 0.3025892376899719,
        "rmse": 0.44431740045547485,
        "smape_%": 148.00223112106323,
        "pearson": 0.4341802974379362,
        "spearman": 0.36617610083248636,
        "c_category_accuracy": null
    },
    "Secondary Energy|Electricity|Coal": {
        "mae": 1.6431691646575928,
        "rmse": 2.561666965484619,
        "smape_%": 151.8901228904724,
        "pearson": 0.5260392370528413,
        "spearman": 0.3414684122315921,
        "c_category_accuracy": null
    },
    "Secondary Energy|Electricity|Coal|w/ CCS": {
        "mae": 0.646596372127533,
        "rmse": 1.1153123378753662,
        "smape_%": 183.42493772506714,
        "pearson": 0.23653289310882974,
        "spearman": 0.1709196994894457,
        "c_category_accuracy": null
    },
    "Secondary Energy|Electricity|Coal|w/o CCS": {
        "mae": 1.4082088470458984,
        "rmse": 2.3258440494537354,
        "smape_%": 157.82155990600586,
        "pearson": 0.5764603227459258,
        "spearman": 0.39872129593418576,
        "c_category_accuracy": null
    },
    "Secondary Energy|Electricity|Gas": {
        "mae": 2.210981845855713,
        "rmse": 3.7249114513397217,
        "smape_%": 107.60998725891113,
        "pearson": 0.20101543960645826,
        "spearman": 0.32128395048440966,
        "c_category_accuracy": null
    },
    "Secondary Energy|Electricity|Gas|w/ CCS": {
        "mae": 1.230425477027893,
        "rmse": 2.604495048522949,
        "smape_%": 172.56758213043213,
        "pearson": 0.1980961363836653,
        "spearman": 0.2251331117942276,
        "c_category_accuracy": null
    },
    "Secondary Energy|Electricity|Gas|w/o CCS": {
        "mae": 1.5868245363235474,
        "rmse": 2.688309907913208,
        "smape_%": 123.56960773468018,
        "pearson": 0.32243880965699845,
        "spearman": 0.4920589800219674,
        "c_category_accuracy": null
    },
    "Secondary Energy|Electricity|Geothermal": {
        "mae": 0.220306858420372,
        "rmse": 0.3299792408943176,
        "smape_%": 142.98900365829468,
        "pearson": 0.39597945465554546,
        "spearman": 0.5500637034949106,
        "c_category_accuracy": null
    },
    "Secondary Energy|Electricity|Hydro": {
        "mae": 1.277320146560669,
        "rmse": 1.909653663635254,
        "smape_%": 68.23064684867859,
        "pearson": 0.6624483732387453,
        "spearman": 0.6859102092650056,
        "c_category_accuracy": null
    },
    "Secondary Energy|Electricity|Nuclear": {
        "mae": 2.1444077491760254,
        "rmse": 3.556818723678589,
        "smape_%": 124.70779418945312,
        "pearson": 0.34780901717420454,
        "spearman": 0.335531653046548,
        "c_category_accuracy": null
    },
    "Secondary Energy|Electricity|Oil": {
        "mae": 0.2863598167896271,
        "rmse": 0.37149369716644287,
        "smape_%": 162.37430572509766,
        "pearson": 0.4883194320183038,
        "spearman": 0.42240744616131604,
        "c_category_accuracy": null
    },
    "Secondary Energy|Electricity|Oil|w/ CCS": {
        "mae": 0.15218757092952728,
        "rmse": 0.22965320944786072,
        "smape_%": 196.59839868545532,
        "pearson": 0.056742450579847406,
        "spearman": 0.03311010440090275,
        "c_category_accuracy": null
    },
    "Secondary Energy|Electricity|Oil|w/o CCS": {
        "mae": 0.21971605718135834,
        "rmse": 0.29059702157974243,
        "smape_%": 163.58697414398193,
        "pearson": 0.5581187923114791,
        "spearman": 0.4261228664794236,
        "c_category_accuracy": null
    },
    "Secondary Energy|Electricity|Solar": {
        "mae": 4.2610883712768555,
        "rmse": 7.513429641723633,
        "smape_%": 92.08871722221375,
        "pearson": 0.6019838794477843,
        "spearman": 0.7254967267759485,
        "c_category_accuracy": null
    },
    "Secondary Energy|Electricity|Wind": {
        "mae": 4.841326713562012,
        "rmse": 7.982114315032959,
        "smape_%": 85.92110276222229,
        "pearson": 0.598586377370382,
        "spearman": 0.7572067274539775,
        "c_category_accuracy": null
    }
}