{
    "train_loss": [
        25275.817133998382,
        8071.130778806619,
        6463.824341972229,
        5759.707352470343,
        4465.2759524973035,
        3554.7649293736517,
        2999.3445546306284,
        2469.6435402062552,
        2129.026448545767,
        1917.3723149138918,
        1770.977831057057,
        1656.3290012469668,
        1538.2926090885346,
        1437.8674860769413,
        1324.8217013830379,
        1236.4235814172453,
        1154.583741090085,
        1094.2388049444762,
        1038.4549185680103,
        993.056431568482,
        943.3451033381639,
        911.1627426003471,
        871.7800791255224,
        839.522650510161,
        806.2134868573487,
        777.1803901036752,
        752.2962782410606,
        729.1242086657876,
        703.3607333407758,
        693.8980940311994,
        668.3205723725229,
        643.8516633421239,
        627.7755741418678,
        609.3130654267912,
        597.1320220873214,
        575.3354809458411,
        597.4813941015519,
        545.2667124098476,
        533.6032096757887,
        524.259801564817,
        517.5266062596893,
        503.71832188174034,
        492.52699883307497,
        483.28360570360945,
        480.2427512153714,
        471.3418124094264,
        462.2196875947863,
        451.78256186914433,
        451.32354076444125,
        443.320279456432
    ],
    "dev_loss": [
        10117.241597877359,
        6402.214386792452,
        5471.04858490566,
        4710.786586084906,
        3611.2494251179246,
        3075.153817806604,
        2606.082709316038,
        2203.6180498231133,
        1978.9540389150943,
        1787.856647995283,
        1636.255649321934,
        1538.2937757959905,
        1458.5425744398585,
        1312.3364128832548,
        1243.902214770047,
        1139.9505122346698,
        1079.3052881780661,
        1049.9319575471698,
        1057.0709537146226,
        926.5343528891509,
        894.1275943396226,
        861.9947044516509,
        822.4824845224057,
        799.7533940153302,
        813.6182506633255,
        740.7817861880897,
        740.4652656987029,
        704.5568027712264,
        674.9888561320755,
        655.8723301149764,
        652.1887879569575,
        618.0354363207547,
        618.6780181308962,
        619.2434386055425,
        572.8274432488207,
        550.8146207989387,
        537.9481703272405,
        527.2691295695755,
        543.4536151238208,
        510.0938218602594,
        509.9976838885613,
        487.1562592128538,
        476.7279702240566,
        557.4250110554245,
        485.11856942806605,
        469.6272258254717,
        455.24253943101417,
        446.28181382665093,
        457.444050339033,
        431.4701448260613
    ]
}