{
    "overall": {
        "mae": 4.765072822570801,
        "rmse": 11.230100631713867,
        "smape_%": 127.72279977798462,
        "pearson": 0.4949715319659688,
        "spearman": 0.4628763749135148,
        "c_category_accuracy": 0.5773584905660377
    },
    "Efficiency|Electricity|Biomass|w/ CCS": {
        "mae": 19.7042293548584,
        "rmse": 22.15110206604004,
        "smape_%": 118.59209537506104,
        "pearson": 0.5125293275560074,
        "spearman": 0.5751613557914712,
        "c_category_accuracy": null
    },
    "Efficiency|Electricity|Biomass|w/o CCS": {
        "mae": 23.386747360229492,
        "rmse": 25.506778717041016,
        "smape_%": 106.78268671035767,
        "pearson": 0.20323549453452547,
        "spearman": 0.27072693911314377,
        "c_category_accuracy": null
    },
    "Efficiency|Electricity|Coal|w/ CCS": {
        "mae": 21.45577049255371,
        "rmse": 24.0833683013916,
        "smape_%": 114.48308229446411,
        "pearson": 0.4663173800066877,
        "spearman": 0.40516683904697876,
        "c_category_accuracy": null
    },
    "Efficiency|Electricity|Coal|w/o CCS": {
        "mae": 25.61294174194336,
        "rmse": 28.356775283813477,
        "smape_%": 102.80855894088745,
        "pearson": 0.37585680670047455,
        "spearman": 0.5941487990236257,
        "c_category_accuracy": null
    },
    "Efficiency|Electricity|Gas|w/ CCS": {
        "mae": 30.900339126586914,
        "rmse": 34.71770477294922,
        "smape_%": 115.6136155128479,
        "pearson": 0.472765656923338,
        "spearman": 0.6268900514485584,
        "c_category_accuracy": null
    },
    "Efficiency|Electricity|Gas|w/o CCS": {
        "mae": 32.18391799926758,
        "rmse": 36.10316467285156,
        "smape_%": 105.8045744895935,
        "pearson": 0.1967093008037569,
        "spearman": 0.12374461831440334,
        "c_category_accuracy": null
    },
    "Secondary Energy|Electricity": {
        "mae": 8.518810272216797,
        "rmse": 13.504231452941895,
        "smape_%": 39.03248310089111,
        "pearson": 0.7491559114375729,
        "spearman": 0.8290135736544879,
        "c_category_accuracy": null
    },
    "Secondary Energy|Electricity|Biomass": {
        "mae": 0.769511878490448,
        "rmse": 1.346613883972168,
        "smape_%": 125.87575912475586,
        "pearson": 0.4487310638829092,
        "spearman": 0.4162470469192827,
        "c_category_accuracy": null
    },
    "Secondary Energy|Electricity|Biomass|w/ CCS": {
        "mae": 0.6771728992462158,
        "rmse": 1.2726689577102661,
        "smape_%": 164.33886289596558,
        "pearson": 0.4053040339285261,
        "spearman": 0.32052476839029287,
        "c_category_accuracy": null
    },
    "Secondary Energy|Electricity|Biomass|w/o CCS": {
        "mae": 0.26272737979888916,
        "rmse": 0.38912466168403625,
        "smape_%": 142.19472408294678,
        "pearson": 0.5738343646193503,
        "spearman": 0.42758598619964094,
        "c_category_accuracy": null
    },
    "Secondary Energy|Electricity|Coal": {
        "mae": 1.5032904148101807,
        "rmse": 2.271182060241699,
        "smape_%": 147.65359163284302,
        "pearson": 0.6565954395209123,
        "spearman": 0.3721050260173558,
        "c_category_accuracy": null
    },
    "Secondary Energy|Electricity|Coal|w/ CCS": {
        "mae": 0.6307263374328613,
        "rmse": 1.0308367013931274,
        "smape_%": 185.49214601516724,
        "pearson": 0.3105020980189615,
        "spearman": 0.12918570459212764,
        "c_category_accuracy": null
    },
    "Secondary Energy|Electricity|Coal|w/o CCS": {
        "mae": 1.3475453853607178,
        "rmse": 2.0608649253845215,
        "smape_%": 153.8484811782837,
        "pearson": 0.6986602857887789,
        "spearman": 0.3767770508360623,
        "c_category_accuracy": null
    },
    "Secondary Energy|Electricity|Gas": {
        "mae": 1.8532636165618896,
        "rmse": 3.2569406032562256,
        "smape_%": 103.47925424575806,
        "pearson": 0.3367615512627312,
        "spearman": 0.4155761169813812,
        "c_category_accuracy": null
    },
    "Secondary Energy|Electricity|Gas|w/ CCS": {
        "mae": 1.024686574935913,
        "rmse": 2.2619359493255615,
        "smape_%": 169.27893161773682,
        "pearson": 0.34248693306400485,
        "spearman": 0.28951260196509554,
        "c_category_accuracy": null
    },
    "Secondary Energy|Electricity|Gas|w/o CCS": {
        "mae": 1.524838924407959,
        "rmse": 2.6169373989105225,
        "smape_%": 122.47508764266968,
        "pearson": 0.3251499896295919,
        "spearman": 0.42825314090680466,
        "c_category_accuracy": null
    },
    "Secondary Energy|Electricity|Geothermal": {
        "mae": 0.15665023028850555,
        "rmse": 0.23480643332004547,
        "smape_%": 140.71550369262695,
        "pearson": 0.5621589997799872,
        "spearman": 0.5060305198678873,
        "c_category_accuracy": null
    },
    "Secondary Energy|Electricity|Hydro": {
        "mae": 0.9918338060379028,
        "rmse": 1.4850640296936035,
        "smape_%": 58.534252643585205,
        "pearson": 0.8080037699848681,
        "spearman": 0.7805271299078602,
        "c_category_accuracy": null
    },
    "Secondary Energy|Electricity|Nuclear": {
        "mae": 1.7728549242019653,
        "rmse": 2.9534518718719482,
        "smape_%": 115.94643592834473,
        "pearson": 0.5620826672757029,
        "spearman": 0.47444352288327024,
        "c_category_accuracy": null
    },
    "Secondary Energy|Electricity|Oil": {
        "mae": 0.19724224507808685,
        "rmse": 0.2680090665817261,
        "smape_%": 160.18433570861816,
        "pearson": 0.5840898670768784,
        "spearman": 0.4137273645487638,
        "c_category_accuracy": null
    },
    "Secondary Energy|Electricity|Oil|w/ CCS": {
        "mae": 0.10830436646938324,
        "rmse": 0.15513941645622253,
        "smape_%": 195.11955976486206,
        "pearson": 0.32162792783034294,
        "spearman": 0.25058736275554877,
        "c_category_accuracy": null
    },
    "Secondary Energy|Electricity|Oil|w/o CCS": {
        "mae": 0.18022018671035767,
        "rmse": 0.2524517774581909,
        "smape_%": 163.78955841064453,
        "pearson": 0.5746988050233924,
        "spearman": 0.4425731757484696,
        "c_category_accuracy": null
    },
    "Secondary Energy|Electricity|Solar": {
        "mae": 3.4642858505249023,
        "rmse": 6.6044745445251465,
        "smape_%": 81.75387978553772,
        "pearson": 0.7044660563750624,
        "spearman": 0.8146200775475521,
        "c_category_accuracy": null
    },
    "Secondary Energy|Electricity|Wind": {
        "mae": 4.2050604820251465,
        "rmse": 7.276803970336914,
        "smape_%": 75.1762866973877,
        "pearson": 0.6875930361588872,
        "spearman": 0.8259042254642905,
        "c_category_accuracy": null
    }
}