{
    "overall": {
        "mae": 4.149761199951172,
        "rmse": 9.776310920715332,
        "smape_%": 124.51369762420654,
        "pearson": 0.5277811585280129,
        "spearman": 0.4787625377843732,
        "c_category_accuracy": 0.7339622641509433
    },
    "Efficiency|Electricity|Biomass|w/ CCS": {
        "mae": 16.846694946289062,
        "rmse": 19.429914474487305,
        "smape_%": 100.55919885635376,
        "pearson": 0.5470511057364371,
        "spearman": 0.5298765988538577,
        "c_category_accuracy": null
    },
    "Efficiency|Electricity|Biomass|w/o CCS": {
        "mae": 19.831106185913086,
        "rmse": 22.42141342163086,
        "smape_%": 84.11965370178223,
        "pearson": 0.14003710011735082,
        "spearman": 0.19106675088335798,
        "c_category_accuracy": null
    },
    "Efficiency|Electricity|Coal|w/ CCS": {
        "mae": 17.666229248046875,
        "rmse": 20.39969253540039,
        "smape_%": 92.8853988647461,
        "pearson": 0.5689705328063397,
        "spearman": 0.42953932469227263,
        "c_category_accuracy": null
    },
    "Efficiency|Electricity|Coal|w/o CCS": {
        "mae": 20.61539077758789,
        "rmse": 23.645410537719727,
        "smape_%": 79.15543913841248,
        "pearson": 0.4985390848221263,
        "spearman": 0.6492642147249542,
        "c_category_accuracy": null
    },
    "Efficiency|Electricity|Gas|w/ CCS": {
        "mae": 25.778522491455078,
        "rmse": 29.724079132080078,
        "smape_%": 95.2785313129425,
        "pearson": 0.573358978197762,
        "spearman": 0.6628073641187443,
        "c_category_accuracy": null
    },
    "Efficiency|Electricity|Gas|w/o CCS": {
        "mae": 26.647357940673828,
        "rmse": 31.08002281188965,
        "smape_%": 82.97129273414612,
        "pearson": 0.3318083193897711,
        "spearman": 0.22013122393187023,
        "c_category_accuracy": null
    },
    "Secondary Energy|Electricity": {
        "mae": 8.046801567077637,
        "rmse": 12.88071346282959,
        "smape_%": 36.91036403179169,
        "pearson": 0.767750199667847,
        "spearman": 0.8428956139249907,
        "c_category_accuracy": null
    },
    "Secondary Energy|Electricity|Biomass": {
        "mae": 0.7486761808395386,
        "rmse": 1.316782832145691,
        "smape_%": 127.4057388305664,
        "pearson": 0.4964873619951731,
        "spearman": 0.46401125164118673,
        "c_category_accuracy": null
    },
    "Secondary Energy|Electricity|Biomass|w/ CCS": {
        "mae": 0.6532377004623413,
        "rmse": 1.2480056285858154,
        "smape_%": 163.41339349746704,
        "pearson": 0.458554616634899,
        "spearman": 0.37685489176931247,
        "c_category_accuracy": null
    },
    "Secondary Energy|Electricity|Biomass|w/o CCS": {
        "mae": 0.28108084201812744,
        "rmse": 0.4157315492630005,
        "smape_%": 148.51676225662231,
        "pearson": 0.5531883031901237,
        "spearman": 0.445902464813064,
        "c_category_accuracy": null
    },
    "Secondary Energy|Electricity|Coal": {
        "mae": 1.2360472679138184,
        "rmse": 2.0377159118652344,
        "smape_%": 142.61507987976074,
        "pearson": 0.7321544808827691,
        "spearman": 0.4741198273271645,
        "c_category_accuracy": null
    },
    "Secondary Energy|Electricity|Coal|w/ CCS": {
        "mae": 0.5469695925712585,
        "rmse": 0.9244772791862488,
        "smape_%": 184.02594327926636,
        "pearson": 0.396131508960045,
        "spearman": 0.22100520490717038,
        "c_category_accuracy": null
    },
    "Secondary Energy|Electricity|Coal|w/o CCS": {
        "mae": 1.074251413345337,
        "rmse": 1.8635311126708984,
        "smape_%": 155.14110326766968,
        "pearson": 0.7579947858062606,
        "spearman": 0.40558051582134674,
        "c_category_accuracy": null
    },
    "Secondary Energy|Electricity|Gas": {
        "mae": 1.9996140003204346,
        "rmse": 3.2646143436431885,
        "smape_%": 101.15671157836914,
        "pearson": 0.40506841094093504,
        "spearman": 0.40764827288184396,
        "c_category_accuracy": null
    },
    "Secondary Energy|Electricity|Gas|w/ CCS": {
        "mae": 1.1363831758499146,
        "rmse": 2.291825532913208,
        "smape_%": 169.24006938934326,
        "pearson": 0.4078657222601631,
        "spearman": 0.36738420119470083,
        "c_category_accuracy": null
    },
    "Secondary Energy|Electricity|Gas|w/o CCS": {
        "mae": 1.5658514499664307,
        "rmse": 2.6403419971466064,
        "smape_%": 121.77975177764893,
        "pearson": 0.34371870633780854,
        "spearman": 0.45145017422182027,
        "c_category_accuracy": null
    },
    "Secondary Energy|Electricity|Geothermal": {
        "mae": 0.16777639091014862,
        "rmse": 0.2487332671880722,
        "smape_%": 136.2207055091858,
        "pearson": 0.5779879055218469,
        "spearman": 0.4689618693117764,
        "c_category_accuracy": null
    },
    "Secondary Energy|Electricity|Hydro": {
        "mae": 0.9161099791526794,
        "rmse": 1.3988240957260132,
        "smape_%": 57.199519872665405,
        "pearson": 0.8361453471952409,
        "spearman": 0.8100850058816375,
        "c_category_accuracy": null
    },
    "Secondary Energy|Electricity|Nuclear": {
        "mae": 1.700990915298462,
        "rmse": 2.986116409301758,
        "smape_%": 111.91966533660889,
        "pearson": 0.5408822586698562,
        "spearman": 0.5255270103374877,
        "c_category_accuracy": null
    },
    "Secondary Energy|Electricity|Oil": {
        "mae": 0.2323288917541504,
        "rmse": 0.30462124943733215,
        "smape_%": 161.54544353485107,
        "pearson": 0.5839554069084104,
        "spearman": 0.4363181427360875,
        "c_category_accuracy": null
    },
    "Secondary Energy|Electricity|Oil|w/ CCS": {
        "mae": 0.11127631366252899,
        "rmse": 0.16717974841594696,
        "smape_%": 196.32790088653564,
        "pearson": 0.10524336877639064,
        "spearman": 0.11033789654448845,
        "c_category_accuracy": null
    },
    "Secondary Energy|Electricity|Oil|w/o CCS": {
        "mae": 0.20530469715595245,
        "rmse": 0.2788810133934021,
        "smape_%": 163.50202560424805,
        "pearson": 0.5775850880919682,
        "spearman": 0.3685145490409816,
        "c_category_accuracy": null
    },
    "Secondary Energy|Electricity|Solar": {
        "mae": 3.4980461597442627,
        "rmse": 6.302626132965088,
        "smape_%": 83.31358432769775,
        "pearson": 0.7355742293560238,
        "spearman": 0.7998083990021894,
        "c_category_accuracy": null
    },
    "Secondary Energy|Electricity|Wind": {
        "mae": 4.056166172027588,
        "rmse": 6.834510803222656,
        "smape_%": 76.6491711139679,
        "pearson": 0.7306949824067598,
        "spearman": 0.8312101382626524,
        "c_category_accuracy": null
    }
}