{
    "overall": {
        "mae": 4.752242088317871,
        "rmse": 11.18658447265625,
        "smape_%": 127.65896320343018,
        "pearson": 0.4935472466423681,
        "spearman": 0.4624822756561621,
        "c_category_accuracy": 0.5547169811320755
    },
    "Efficiency|Electricity|Biomass|w/ CCS": {
        "mae": 19.539722442626953,
        "rmse": 21.927940368652344,
        "smape_%": 117.32687950134277,
        "pearson": 0.5484917402208499,
        "spearman": 0.5897090673160523,
        "c_category_accuracy": null
    },
    "Efficiency|Electricity|Biomass|w/o CCS": {
        "mae": 23.444040298461914,
        "rmse": 25.62936019897461,
        "smape_%": 106.40349388122559,
        "pearson": 0.1163221682814981,
        "spearman": 0.17738128627656752,
        "c_category_accuracy": null
    },
    "Efficiency|Electricity|Coal|w/ CCS": {
        "mae": 21.231830596923828,
        "rmse": 23.887969970703125,
        "smape_%": 113.1843090057373,
        "pearson": 0.4829087559474534,
        "spearman": 0.40503516020506813,
        "c_category_accuracy": null
    },
    "Efficiency|Electricity|Coal|w/o CCS": {
        "mae": 25.69432830810547,
        "rmse": 28.331377029418945,
        "smape_%": 102.92078256607056,
        "pearson": 0.34258666869755017,
        "spearman": 0.6214582017106544,
        "c_category_accuracy": null
    },
    "Efficiency|Electricity|Gas|w/ CCS": {
        "mae": 30.55569076538086,
        "rmse": 34.36585235595703,
        "smape_%": 113.97289037704468,
        "pearson": 0.49033545928461636,
        "spearman": 0.6380924644735615,
        "c_category_accuracy": null
    },
    "Efficiency|Electricity|Gas|w/o CCS": {
        "mae": 32.47330093383789,
        "rmse": 36.30074691772461,
        "smape_%": 106.53529167175293,
        "pearson": 0.13233651280586323,
        "spearman": 0.09232497771567215,
        "c_category_accuracy": null
    },
    "Secondary Energy|Electricity": {
        "mae": 8.546621322631836,
        "rmse": 13.360682487487793,
        "smape_%": 39.88196551799774,
        "pearson": 0.7590346591612916,
        "spearman": 0.8233296776529598,
        "c_category_accuracy": null
    },
    "Secondary Energy|Electricity|Biomass": {
        "mae": 0.7872557044029236,
        "rmse": 1.35776948928833,
        "smape_%": 126.119065284729,
        "pearson": 0.4323112365947056,
        "spearman": 0.4125108874944454,
        "c_category_accuracy": null
    },
    "Secondary Energy|Electricity|Biomass|w/ CCS": {
        "mae": 0.6944760680198669,
        "rmse": 1.2790932655334473,
        "smape_%": 164.38056230545044,
        "pearson": 0.39351489192021577,
        "spearman": 0.3459567634771983,
        "c_category_accuracy": null
    },
    "Secondary Energy|Electricity|Biomass|w/o CCS": {
        "mae": 0.26363685727119446,
        "rmse": 0.3917560279369354,
        "smape_%": 142.23556518554688,
        "pearson": 0.5659607399967015,
        "spearman": 0.4449298949941975,
        "c_category_accuracy": null
    },
    "Secondary Energy|Electricity|Coal": {
        "mae": 1.4707664251327515,
        "rmse": 2.2489824295043945,
        "smape_%": 148.17421436309814,
        "pearson": 0.6614957841487196,
        "spearman": 0.3727361838998498,
        "c_category_accuracy": null
    },
    "Secondary Energy|Electricity|Coal|w/ CCS": {
        "mae": 0.6134838461875916,
        "rmse": 0.9985991716384888,
        "smape_%": 185.43556928634644,
        "pearson": 0.33418697244121004,
        "spearman": 0.13939391252641428,
        "c_category_accuracy": null
    },
    "Secondary Energy|Electricity|Coal|w/o CCS": {
        "mae": 1.2937721014022827,
        "rmse": 2.000840663909912,
        "smape_%": 154.40272092819214,
        "pearson": 0.7123941116165803,
        "spearman": 0.3706487569367826,
        "c_category_accuracy": null
    },
    "Secondary Energy|Electricity|Gas": {
        "mae": 1.8153823614120483,
        "rmse": 3.264784097671509,
        "smape_%": 103.11788320541382,
        "pearson": 0.32935970113680646,
        "spearman": 0.42018370452249315,
        "c_category_accuracy": null
    },
    "Secondary Energy|Electricity|Gas|w/ CCS": {
        "mae": 1.0174598693847656,
        "rmse": 2.263439655303955,
        "smape_%": 168.2329773902893,
        "pearson": 0.3335000141549332,
        "spearman": 0.29979712322508856,
        "c_category_accuracy": null
    },
    "Secondary Energy|Electricity|Gas|w/o CCS": {
        "mae": 1.4950776100158691,
        "rmse": 2.5301096439361572,
        "smape_%": 121.98489904403687,
        "pearson": 0.36061874359705376,
        "spearman": 0.4401971118828483,
        "c_category_accuracy": null
    },
    "Secondary Energy|Electricity|Geothermal": {
        "mae": 0.15219949185848236,
        "rmse": 0.23266726732254028,
        "smape_%": 140.23590087890625,
        "pearson": 0.5580213309679523,
        "spearman": 0.4940595878493591,
        "c_category_accuracy": null
    },
    "Secondary Energy|Electricity|Hydro": {
        "mae": 0.9829407334327698,
        "rmse": 1.526801347732544,
        "smape_%": 57.60866403579712,
        "pearson": 0.7963618818589139,
        "spearman": 0.7768266735227288,
        "c_category_accuracy": null
    },
    "Secondary Energy|Electricity|Nuclear": {
        "mae": 1.8389827013015747,
        "rmse": 3.1944026947021484,
        "smape_%": 117.10541248321533,
        "pearson": 0.4829500662595745,
        "spearman": 0.47753021422106645,
        "c_category_accuracy": null
    },
    "Secondary Energy|Electricity|Oil": {
        "mae": 0.18910163640975952,
        "rmse": 0.2553239166736603,
        "smape_%": 160.37966012954712,
        "pearson": 0.6221755291890948,
        "spearman": 0.43436283509913165,
        "c_category_accuracy": null
    },
    "Secondary Energy|Electricity|Oil|w/ CCS": {
        "mae": 0.10604676604270935,
        "rmse": 0.15058916807174683,
        "smape_%": 195.27662992477417,
        "pearson": 0.3357437393405572,
        "spearman": 0.22449180782361977,
        "c_category_accuracy": null
    },
    "Secondary Energy|Electricity|Oil|w/o CCS": {
        "mae": 0.16807951033115387,
        "rmse": 0.23797717690467834,
        "smape_%": 162.27575540542603,
        "pearson": 0.6190593610815935,
        "spearman": 0.4661933913578673,
        "c_category_accuracy": null
    },
    "Secondary Energy|Electricity|Solar": {
        "mae": 3.5266361236572266,
        "rmse": 6.583150386810303,
        "smape_%": 83.27168822288513,
        "pearson": 0.7073376022203481,
        "spearman": 0.7989136600267472,
        "c_category_accuracy": null
    },
    "Secondary Energy|Electricity|Wind": {
        "mae": 4.1215033531188965,
        "rmse": 6.955045700073242,
        "smape_%": 75.22661089897156,
        "pearson": 0.7281262484927518,
        "spearman": 0.8335112715375161,
        "c_category_accuracy": null
    }
}