{
    "train_loss": [
        9556.884579738475,
        2730.1851087515165,
        1249.0146444880695,
        935.0125302263076,
        787.37961596265,
        701.0784405594922,
        605.0376653231582,
        554.4053632212186,
        706.5319681381015,
        500.9979347111755,
        470.84020446464683,
        451.1652760283264,
        439.2157647571785,
        424.3967803189876,
        449.9109741112202,
        461.39365526632855,
        381.85791884499696,
        379.90973135710857,
        414.771704555747,
        356.1644929879179,
        367.13916996400224,
        359.1029739606152,
        344.1954863407632,
        342.4541997716703,
        316.30927719893754,
        307.45576920950305,
        307.58039454020206,
        331.2171760203222,
        289.26920943724303,
        283.25241586659985,
        276.16083258996275,
        291.7933590853751,
        270.39161268672905,
        290.16695177166184,
        262.3106700314059,
        275.1878459701065,
        253.27642991762013,
        254.7112870245939,
        248.3725621482374,
        247.50521331400395,
        228.95653079133947,
        232.0722669414768,
        245.57205979385026,
        232.21631754579232,
        223.75623858614603,
        216.83713503313308,
        215.52622191428367,
        215.52716569651102,
        216.40381952050754,
        205.95019537832385
    ],
    "dev_loss": [
        3790.3787735849055,
        1538.1406471108492,
        1079.1119582841982,
        922.6307267099056,
        711.9373028449293,
        639.1528430866746,
        559.1304705925708,
        685.7318875294811,
        551.1810491597878,
        461.1481408461085,
        474.0927107900943,
        468.4786777712264,
        519.7497991597877,
        404.7380398732311,
        738.619636276533,
        421.2261921432783,
        405.01533387382074,
        389.0537312057783,
        374.4444004274764,
        426.8456552181604,
        384.3777749115566,
        346.45601967865565,
        387.02895784198114,
        355.9836996978184,
        329.1529416642099,
        306.8564213590802,
        469.2914910082547,
        305.23672335642686,
        299.6231601931014,
        312.29745725235847,
        303.99588738207547,
        275.51710458431603,
        373.1586324439858,
        273.22721200619105,
        263.8681585347877,
        244.18470482016508,
        281.04731998083724,
        251.0525105026533,
        251.93287791126178,
        252.25781894899765,
        334.8326392983491,
        221.60821049528303,
        235.8049924454599,
        261.1097573334316,
        242.32380325029482,
        230.80739976415094,
        254.348974609375,
        215.52742574439858,
        211.50603073408018,
        208.56899506191039
    ]
}